{"cameraMode":{"drawMode":0,"name":"Shaded","section":"Shading Mode"},"sceneLighting":false,"audioPlay":false,"sceneViewState":{"m_AlwaysRefresh":false,"showFog":true,"showSkybox":false,"showFlares":true,"showImageEffects":true,"showParticleSystems":true,"showVisualEffectGraphs":true,"m_FxEnabled":true},"in2DMode":false,"pivot":{"x":-0.05809071660041809,"y":-0.06529687345027924,"z":-0.0725211501121521},"rotation":{"x":-0.05169595405459404,"y":0.9481945633888245,"z":-0.21402694284915925,"w":-0.22902649641036988},"size":0.9380733370780945,"orthographic":false}