{"cameraMode":{"drawMode":0,"name":"Shaded","section":"Shading Mode"},"sceneLighting":false,"audioPlay":false,"sceneViewState":{"m_AlwaysRefresh":false,"showFog":true,"showSkybox":false,"showFlares":true,"showImageEffects":true,"showParticleSystems":true,"showVisualEffectGraphs":true,"m_FxEnabled":true},"in2DMode":false,"pivot":{"x":0.1098024845123291,"y":0.054146379232406619,"z":-0.4652714729309082},"rotation":{"x":-0.012536603026092053,"y":0.9719434380531311,"z":-0.2289053499698639,"w":-0.053107891231775287},"size":1.4216458797454835,"orthographic":true}