{"cameraMode":{"drawMode":0,"name":"Shaded","section":"Shading Mode"},"sceneLighting":false,"audioPlay":false,"sceneViewState":{"m_AlwaysRefresh":false,"showFog":true,"showSkybox":false,"showFlares":true,"showImageEffects":true,"showParticleSystems":true,"showVisualEffectGraphs":true,"m_FxEnabled":true},"in2DMode":false,"pivot":{"x":0.4647059440612793,"y":-0.35335779190063479,"z":0.1179538369178772},"rotation":{"x":0.22134582698345185,"y":-0.6932060718536377,"z":0.23860375583171845,"w":0.643072783946991},"size":0.5955891609191895,"orthographic":true}