{"cameraMode":{"drawMode":0,"name":"Shaded","section":"Shading Mode"},"sceneLighting":true,"audioPlay":false,"sceneViewState":{"m_AlwaysRefresh":false,"showFog":true,"showSkybox":true,"showFlares":true,"showImageEffects":true,"showParticleSystems":true,"showVisualEffectGraphs":true,"m_FxEnabled":true},"in2DMode":false,"pivot":{"x":224.77706909179688,"y":456.3663024902344,"z":-18.8477783203125},"rotation":{"x":-0.1363745629787445,"y":0.005952208768576384,"z":-0.0007826202781870961,"w":-0.9906652569770813},"size":345.3523254394531,"orthographic":true}