{"cameraMode":{"drawMode":0,"name":"Shaded","section":"Shading Mode"},"sceneLighting":false,"audioPlay":false,"sceneViewState":{"m_AlwaysRefresh":false,"showFog":true,"showSkybox":false,"showFlares":true,"showImageEffects":true,"showParticleSystems":true,"showVisualEffectGraphs":true,"m_FxEnabled":true},"in2DMode":false,"pivot":{"x":367.02960205078127,"y":460.4560241699219,"z":-74.09036254882813},"rotation":{"x":-0.055771809071302417,"y":0.0015026807086542249,"z":-0.00007819824531907216,"w":-0.9984544515609741},"size":0.11581350117921829,"orthographic":true}