{"cameraMode":{"drawMode":0,"name":"Shaded","section":"Shading Mode"},"sceneLighting":false,"audioPlay":false,"sceneViewState":{"m_AlwaysRefresh":false,"showFog":true,"showSkybox":false,"showFlares":true,"showImageEffects":true,"showParticleSystems":true,"showVisualEffectGraphs":true,"m_FxEnabled":true},"in2DMode":false,"pivot":{"x":0.42561429738998415,"y":-0.1667797565460205,"z":0.08411765098571778},"rotation":{"x":0.024880340322852136,"y":0.9598642587661743,"z":-0.26441237330436709,"w":0.09040986001491547},"size":1.1716357469558716,"orthographic":true}