{"cameraMode":{"drawMode":0,"name":"Shaded","section":"Shading Mode"},"sceneLighting":false,"audioPlay":false,"sceneViewState":{"m_AlwaysRefresh":false,"showFog":true,"showSkybox":false,"showFlares":true,"showImageEffects":true,"showParticleSystems":true,"showVisualEffectGraphs":true,"m_FxEnabled":true},"in2DMode":false,"pivot":{"x":-56.35194778442383,"y":-33.085933685302737,"z":-3.4069061279296877},"rotation":{"x":0.035373248159885409,"y":0.03297308087348938,"z":-0.0011681433534249664,"w":0.998831570148468},"size":262.17449951171877,"orthographic":true}