{"cameraMode":{"drawMode":0,"name":"Shaded","section":"Shading Mode"},"sceneLighting":true,"audioPlay":false,"sceneViewState":{"m_AlwaysRefresh":false,"showFog":true,"showSkybox":false,"showFlares":true,"showImageEffects":true,"showParticleSystems":true,"showVisualEffectGraphs":true,"m_FxEnabled":true},"in2DMode":false,"pivot":{"x":239.77511596679688,"y":400.24090576171877,"z":-72.18346405029297},"rotation":{"x":-0.17514657974243165,"y":0.6957082748413086,"z":-0.18112657964229585,"w":-0.6727063655853272},"size":15.835392951965332,"orthographic":true}