{"cameraMode":{"drawMode":0,"name":"Shaded","section":"Shading Mode"},"sceneLighting":false,"audioPlay":false,"sceneViewState":{"m_AlwaysRefresh":false,"showFog":true,"showSkybox":false,"showFlares":true,"showImageEffects":true,"showParticleSystems":true,"showVisualEffectGraphs":true,"m_FxEnabled":true},"in2DMode":false,"pivot":{"x":-0.03229956328868866,"y":-0.06409361958503723,"z":-0.043172091245651248},"rotation":{"x":0.30001547932624819,"y":0.024318333715200425,"z":-0.007649929728358984,"w":0.9535980224609375},"size":0.36807096004486086,"orthographic":false}