{"cameraMode":{"drawMode":0,"name":"Shaded","section":"Shading Mode"},"sceneLighting":false,"audioPlay":false,"sceneViewState":{"m_AlwaysRefresh":false,"showFog":true,"showSkybox":false,"showFlares":true,"showImageEffects":true,"showParticleSystems":true,"showVisualEffectGraphs":true,"m_FxEnabled":true},"in2DMode":false,"pivot":{"x":0.04837304353713989,"y":-0.06381690502166748,"z":0.03227531909942627},"rotation":{"x":0.024880340322852136,"y":0.9598642587661743,"z":-0.26441237330436709,"w":0.09040986001491547},"size":1.0875613689422608,"orthographic":true}